resume,url,lead_paragraph,source,headline,keywords,date,byline,uri,sentiment
The streaming service picks Joe Rogan over Neil Young and Joni Mitchell.,https://www.nytimes.com/2022/02/01/opinion/spotify-joe-rogan-disinformation.html,"The streaming service Spotify would like us to believe it is grappling with profound matters of free speech and censorship as it faces mounting pressure over repeated Covid disinformation from its star podcaster, Joe Rogan.",The New York Times,"{'main': 'Spotify Backs Joe Rogan’s Disinformation Machine', 'kicker': 'Greg Bensinger', 'content_kicker': None, 'print_headline': 'Spotify Chooses Profits Over Truth', 'name': None, 'seo': None, 'sub': None}","[{'name': 'persons', 'value': 'Rogan, Joe', 'rank': 1, 'major': 'N'}, {'name': 'persons', 'value': 'Young, Neil', 'rank': 2, 'major': 'N'}, {'name': 'subject', 'value': 'Social Media', 'rank': 3, 'major': 'N'}, {'name': 'subject', 'value': 'Coronavirus (2019-nCoV)', 'rank': 4, 'major': 'N'}, {'name': 'subject', 'value': 'Freedom of Speech and Expression', 'rank': 5, 'major': 'N'}, {'name': 'subject', 'value': 'Censorship', 'rank': 6, 'major': 'N'}, {'name': 'organizations', 'value': 'Spotify', 'rank': 7, 'major': 'N'}]",2022-02-01T23:50:50+0000,"{'original': 'By Greg Bensinger', 'person': [{'firstname': 'Greg', 'middlename': None, 'lastname': 'Bensinger', 'qualifier': None, 'title': None, 'role': 'reported', 'organization': '', 'rank': 1}], 'organization': None}",nyt://article/a86e6e3c-7687-589a-b27a-6b570784cc70,0.1
"With the backing of venture capital and well-known tech investors, Synapticure seeks to fill in the gaps in care and research for those with amyotrophic lateral sclerosis.",https://www.nytimes.com/2022/02/01/business/als-synapticure-startup.html,"In August 2017, Brian Wallach’s notion of time changed forever.",The New York Times,"{'main': 'A Race to Rethink Care After a Dire Diagnosis', 'kicker': None, 'content_kicker': None, 'print_headline': 'Rethinking Care After A.L.S. Diagnosis', 'name': None, 'seo': None, 'sub': None}","[{'name': 'subject', 'value': 'Amyotrophic Lateral Sclerosis', 'rank': 1, 'major': 'N'}, {'name': 'subject', 'value': 'Clinical Trials', 'rank': 2, 'major': 'N'}, {'name': 'subject', 'value': 'Telemedicine', 'rank': 3, 'major': 'N'}, {'name': 'subject', 'value': 'Venture Capital', 'rank': 4, 'major': 'N'}, {'name': 'organizations', 'value': 'Synapticure Inc', 'rank': 5, 'major': 'N'}, {'name': 'persons', 'value': 'Wallach, Brian', 'rank': 6, 'major': 'N'}, {'name': 'persons', 'value': 'Abrevaya, Sandra', 'rank': 7, 'major': 'N'}, {'name': 'subject', 'value': 'Start-ups', 'rank': 8, 'major': 'N'}]",2022-02-01T16:33:49+0000,"{'original': 'By Maureen Farrell', 'person': [{'firstname': 'Maureen', 'middlename': None, 'lastname': 'Farrell', 'qualifier': None, 'title': None, 'role': 'reported', 'organization': '', 'rank': 1}], 'organization': None}",nyt://article/d2a78924-19dc-551d-b2dd-665e27aa08ca,0.0
A conversation with the co-founder of Run for Something,https://www.nytimes.com/2022/02/01/podcasts/transcript-ezra-klein-interviews-amanda-litman.html,"Every Tuesday and Friday, Ezra Klein invites you into a conversation about something that matters, like today’s episode with Amanda Litman. Listen wherever you get your podcasts.",The New York Times,"{'main': 'Transcript: Ezra Klein Interviews Amanda Litman', 'kicker': 'The Ezra Klein Show', 'content_kicker': None, 'print_headline': None, 'name': None, 'seo': None, 'sub': None}","[{'name': 'persons', 'value': 'Klein, Ezra', 'rank': 1, 'major': 'N'}]",2022-02-01T15:09:47+0000,"{'original': None, 'person': [], 'organization': None}",nyt://article/94579bd5-6b92-5342-9fae-d2295bf8e369,0.0
Companies are wrestling with an array of state rules that makes designing pandemic policies tricky.,https://www.nytimes.com/2022/02/01/business/dealbook/florida-texas-vaccine-mandates.html,"Now that the Biden administration’s nationwide coronavirus vaccine mandate for large companies has been overturned by the Supreme Court, employers are left to navigate a thicket of state and local rules. In New York, that means private employers have to require vaccines. In Florida and Texas, laws limit the pandemic protocols they can put in place.",The New York Times,"{'main': 'States Are Complicating Corporate Pandemic Planning', 'kicker': 'DealBook Newsletter', 'content_kicker': None, 'print_headline': None, 'name': None, 'seo': None, 'sub': None}","[{'name': 'organizations', 'value': 'Carlyle Group LP', 'rank': 1, 'major': 'N'}, {'name': 'subject', 'value': 'Vaccination and Immunization', 'rank': 2, 'major': 'N'}, {'name': 'persons', 'value': 'Manchin, Joe III', 'rank': 3, 'major': 'N'}, {'name': 'persons', 'value': 'Sinema, Kyrsten', 'rank': 4, 'major': 'N'}, {'name': 'organizations', 'value': 'SWIFT (Society for Worldwide Interbank Financial Telecommunication)', 'rank': 5, 'major': 'N'}]",2022-02-01T12:33:37+0000,"{'original': 'By Andrew Ross Sorkin, Jason Karaian, Sarah Kessler, Stephen Gandel, Michael J. de la Merced, Lauren Hirsch and Ephrat Livni', 'person': [{'firstname': 'Andrew', 'middlename': 'Ross', 'lastname': 'Sorkin', 'qualifier': None, 'title': None, 'role': 'reported', 'organization': '', 'rank': 1}, {'firstname': 'Jason', 'middlename': None, 'lastname': 'Karaian', 'qualifier': None, 'title': None, 'role': 'reported', 'organization': '', 'rank': 2}, {'firstname': 'Sarah', 'middlename': None, 'lastname': 'Kessler', 'qualifier': None, 'title': None, 'role': 'reported', 'organization': '', 'rank': 3}, {'firstname': 'Stephen', 'middlename': None, 'lastname': 'Gandel', 'qualifier': None, 'title': None, 'role': 'reported', 'organization': '', 'rank': 4}, {'firstname': 'Michael', 'middlename': 'J.', 'lastname': 'de la Merced', 'qualifier': None, 'title': None, 'role': 'reported', 'organization': '', 'rank': 5}, {'firstname': 'Lauren', 'middlename': None, 'lastname': 'Hirsch', 'qualifier': None, 'title': None, 'role': 'reported', 'organization': '', 'rank': 6}, {'firstname': 'Ephrat', 'middlename': None, 'lastname': 'Livni', 'qualifier': None, 'title': None, 'role': 'reported', 'organization': '', 'rank': 7}], 'organization': None}",nyt://article/b22a88ad-1ede-5a11-b043-fb42e13b71be,0.0
"A return to a 2015 accord is on the table, but the next decisions are up to the new government in Tehran, the Biden administration says.",https://www.nytimes.com/2022/01/31/us/politics/iran-nuclear-deal-biden.html,"WASHINGTON — The United States and its European allies appear on the cusp of restoring the deal that limited Iran’s nuclear program, Biden administration officials said on Monday, but cautioned that it is now up to the new government in Tehran to decide whether, after months of negotiations, it is willing to dismantle much of its nuclear production equipment in return for sanctions relief.",The New York Times,"{'main': 'U.S. and Allies Close to Reviving Nuclear Deal With Iran, Officials Say', 'kicker': None, 'content_kicker': None, 'print_headline': 'U.S. and Allies May Revive 2015 Nuclear Deal With Iran', 'name': None, 'seo': None, 'sub': None}","[{'name': 'subject', 'value': 'Nuclear Weapons', 'rank': 1, 'major': 'N'}, {'name': 'subject', 'value': 'Embargoes and Sanctions', 'rank': 2, 'major': 'N'}, {'name': 'persons', 'value': 'Biden, Joseph R Jr', 'rank': 3, 'major': 'N'}, {'name': 'persons', 'value': 'Trump, Donald J', 'rank': 4, 'major': 'N'}, {'name': 'glocations', 'value': 'Iran', 'rank': 5, 'major': 'N'}, {'name': 'subject', 'value': 'United States International Relations', 'rank': 6, 'major': 'N'}, {'name': 'subject', 'value': 'Politics and Government', 'rank': 7, 'major': 'N'}, {'name': 'subject', 'value': 'Arms Control and Limitation and Disarmament', 'rank': 8, 'major': 'N'}, {'name': 'persons', 'value': 'Raisi, Ebrahim', 'rank': 9, 'major': 'N'}]",2022-02-01T00:27:13+0000,"{'original': 'By David E. Sanger, Lara Jakes and Farnaz Fassihi', 'person': [{'firstname': 'David', 'middlename': 'E.', 'lastname': 'Sanger', 'qualifier': None, 'title': None, 'role': 'reported', 'organization': '', 'rank': 1}, {'firstname': 'Lara', 'middlename': None, 'lastname': 'Jakes', 'qualifier': None, 'title': None, 'role': 'reported', 'organization': '', 'rank': 2}, {'firstname': 'Farnaz', 'middlename': None, 'lastname': 'Fassihi', 'qualifier': None, 'title': None, 'role': 'reported', 'organization': '', 'rank': 3}], 'organization': None}",nyt://article/1f993990-0666-5f54-9de8-957abfcb93d7,0.06818181818181818
The Florida governor and the mainstream press have had a rocky relationship that he has often worked to his advantage.,https://www.nytimes.com/2022/01/31/us/politics/desantis-media.html,"If Gov. Ron DeSantis of Florida somehow becomes the Republican Party’s presidential nominee in 2024, two factors will help explain why: his mastery of his party’s hostile relationship with the mainstream media, and his relentless courtship of Fox News.",The New York Times,"{'main': 'DeSantis and the Media: (Not) a Love Story', 'kicker': 'The On Politics Newsletter', 'content_kicker': None, 'print_headline': 'How DeSantis Gamed The Media as He Rose', 'name': None, 'seo': None, 'sub': None}","[{'name': 'subject', 'value': 'United States Politics and Government', 'rank': 1, 'major': 'N'}, {'name': 'subject', 'value': 'Presidential Election of 2024', 'rank': 2, 'major': 'N'}, {'name': 'organizations', 'value': 'Associated Press', 'rank': 3, 'major': 'N'}, {'name': 'persons', 'value': 'DeSantis, Ron', 'rank': 4, 'major': 'N'}, {'name': 'persons', 'value': 'Breyer, Stephen G', 'rank': 5, 'major': 'N'}, {'name': 'glocations', 'value': 'Florida', 'rank': 6, 'major': 'N'}, {'name': 'organizations', 'value': 'Fox News Channel', 'rank': 7, 'major': 'N'}, {'name': 'persons', 'value': 'Hannity, Sean', 'rank': 8, 'major': 'N'}, {'name': 'persons', 'value': 'Trump, Donald J', 'rank': 9, 'major': 'N'}, {'name': 'subject', 'value': 'News and News Media', 'rank': 10, 'major': 'N'}]",2022-02-01T00:03:51+0000,"{'original': 'By Blake Hounshell and Leah Askarinam', 'person': [{'firstname': 'Blake', 'middlename': None, 'lastname': 'Hounshell', 'qualifier': None, 'title': None, 'role': 'reported', 'organization': '', 'rank': 1}, {'firstname': 'Leah', 'middlename': None, 'lastname': 'Askarinam', 'qualifier': None, 'title': None, 'role': 'reported', 'organization': '', 'rank': 2}], 'organization': None}",nyt://article/112e1047-66da-52ac-81dd-02265758564b,0.0
The Biden administration said the penalties would exceed any levied recently against Russia. It is unclear whether the list of targets includes Vladimir V. Putin himself.,https://www.nytimes.com/2022/01/31/world/europe/putin-sanctions-list.html,The White House said on Monday that it had developed “specific sanctions packages” to strike at Russian “elites” who are “in or near the inner circle of the Kremlin” should President Vladimir V. Putin order an invasion of Ukraine.,The New York Times,"{'main': 'The White House threatens sanctions against Putin’s ‘inner circle’ if Russia invades Ukraine.', 'kicker': None, 'content_kicker': None, 'print_headline': None, 'name': None, 'seo': None, 'sub': None}","[{'name': 'subject', 'value': 'Embargoes and Sanctions', 'rank': 1, 'major': 'N'}, {'name': 'persons', 'value': 'Biden, Joseph R Jr', 'rank': 2, 'major': 'N'}, {'name': 'persons', 'value': 'Putin, Vladimir V', 'rank': 3, 'major': 'N'}, {'name': 'glocations', 'value': 'Russia', 'rank': 4, 'major': 'N'}, {'name': 'glocations', 'value': 'Ukraine', 'rank': 5, 'major': 'N'}, {'name': 'glocations', 'value': 'United States', 'rank': 6, 'major': 'N'}]",2022-01-31T22:07:53+0000,"{'original': 'By David E. Sanger', 'person': [{'firstname': 'David', 'middlename': 'E.', 'lastname': 'Sanger', 'qualifier': None, 'title': None, 'role': 'reported', 'organization': '', 'rank': 1}], 'organization': None}",nyt://article/09461d7f-b229-507a-b2cb-79a77e57fa5a,0.0
A Belgian financial messaging service is once again at the center of an international sanctions fight.,https://www.nytimes.com/2022/01/31/us/politics/russia-swift.html,"WASHINGTON — President Biden has pledged that if Russia invades Ukraine it will face “severe economic consequences,” with the United States likely to unleash a blistering package of sanctions that would effectively cut the Russian economy off from much of the global financial system.",The New York Times,"{'main': 'What a Disconnect From Swift Would Mean for Russia', 'kicker': None, 'content_kicker': None, 'print_headline': 'U.S. Allies’ Sanctions Could Cut Russia Off From Message System', 'name': None, 'seo': None, 'sub': None}","[{'name': 'organizations', 'value': 'SWIFT(Society for Worldwide Interbank Financial Telecommunication)', 'rank': 1, 'major': 'N'}, {'name': 'glocations', 'value': 'Russia', 'rank': 2, 'major': 'N'}, {'name': 'subject', 'value': 'Embargoes and Sanctions', 'rank': 3, 'major': 'N'}, {'name': 'subject', 'value': 'International Trade and World Market', 'rank': 4, 'major': 'N'}, {'name': 'subject', 'value': 'United States International Relations', 'rank': 5, 'major': 'N'}, {'name': 'subject', 'value': 'United States Politics and Government', 'rank': 6, 'major': 'N'}, {'name': 'subject', 'value': 'Banking and Financial Institutions', 'rank': 7, 'major': 'N'}, {'name': 'glocations', 'value': 'Ukraine', 'rank': 8, 'major': 'N'}]",2022-01-31T19:36:48+0000,"{'original': 'By Alan Rappeport', 'person': [{'firstname': 'Alan', 'middlename': None, 'lastname': 'Rappeport', 'qualifier': None, 'title': None, 'role': 'reported', 'organization': '', 'rank': 1}], 'organization': None}",nyt://article/7fa2b8d3-f490-526b-bc81-428c584db456,-0.03333333333333333
"The E.P.A. will resume enforcing limits on the release of mercury, a neurotoxin linked to developmental damage in children, from coal-burning power plants.",https://www.nytimes.com/2022/01/31/climate/epa-mercury-pollution-coal.html,"WASHINGTON — The Biden administration on Monday reinstated a way of measuring the benefits of reducing air pollution, the first step in a plan that could tighten limits on the amount of mercury that can be discharged from coal-burning power plants.",The New York Times,"{'main': 'Biden Administration to Reinstate Mercury Pollution Rules Weakened Under Trump', 'kicker': None, 'content_kicker': None, 'print_headline': 'Biden to Reinstate Air Pollution Rules Weakened Under Trump', 'name': None, 'seo': None, 'sub': None}","[{'name': 'subject', 'value': 'Air Pollution', 'rank': 1, 'major': 'N'}, {'name': 'subject', 'value': 'Mercury (Metal)', 'rank': 2, 'major': 'N'}, {'name': 'subject', 'value': 'Hazardous and Toxic Substances', 'rank': 3, 'major': 'N'}, {'name': 'subject', 'value': 'Coal', 'rank': 4, 'major': 'N'}, {'name': 'subject', 'value': 'Regulation and Deregulation of Industry', 'rank': 5, 'major': 'N'}, {'name': 'subject', 'value': 'Medicine and Health', 'rank': 6, 'major': 'N'}, {'name': 'subject', 'value': 'United States Politics and Government', 'rank': 7, 'major': 'N'}, {'name': 'organizations', 'value': 'Environmental Protection Agency', 'rank': 8, 'major': 'N'}, {'name': 'persons', 'value': 'Biden, Joseph R Jr', 'rank': 9, 'major': 'N'}]",2022-01-31T19:14:02+0000,"{'original': 'By Coral Davenport', 'person': [{'firstname': 'Coral', 'middlename': None, 'lastname': 'Davenport', 'qualifier': None, 'title': None, 'role': 'reported', 'organization': '', 'rank': 1}], 'organization': None}",nyt://article/5345bdf8-396a-5212-b95c-f7d95dc9975a,0.0
Sometimes fulfilling a campaign promise gets tricky.,https://www.nytimes.com/2022/01/31/opinion/supreme-court-justice.html,"Bret Stephens: Gail, President Biden has announced that he will nominate a Black woman to replace Justice Stephen Breyer. Is this a good idea, politically speaking?",The New York Times,"{'main': 'Nothing’s More Fun Than Picking the Next Supreme Court Justice. Right?', 'kicker': 'The Conversation', 'content_kicker': None, 'print_headline': 'Nothing’s More Fun Than Picking the Next Supreme Court Justice', 'name': None, 'seo': None, 'sub': None}","[{'name': 'organizations', 'value': 'Supreme Court (US)', 'rank': 1, 'major': 'N'}, {'name': 'subject', 'value': 'Appointments and Executive Changes', 'rank': 2, 'major': 'N'}, {'name': 'subject', 'value': 'Race and Ethnicity', 'rank': 3, 'major': 'N'}, {'name': 'subject', 'value': 'United States Politics and Government', 'rank': 4, 'major': 'N'}, {'name': 'subject', 'value': 'Gun Control', 'rank': 5, 'major': 'N'}]",2022-01-31T10:00:16+0000,"{'original': 'By Gail Collins and Bret Stephens', 'person': [{'firstname': 'Gail', 'middlename': None, 'lastname': 'Collins', 'qualifier': None, 'title': None, 'role': 'reported', 'organization': '', 'rank': 1}, {'firstname': 'Bret', 'middlename': None, 'lastname': 'Stephens', 'qualifier': None, 'title': None, 'role': 'reported', 'organization': '', 'rank': 2}], 'organization': None}",nyt://article/6904f150-e79a-51c4-aa58-5c04b593c785,0.0
The story of an uncle’s cocaine conviction formed only part of Judge Jackson’s understanding of the system’s complexities. She is now seen as a contender to be President Biden’s Supreme Court pick.,https://www.nytimes.com/2022/01/30/us/politics/supreme-court-ketanji-brown-jackson.html,Follow the latest updates on Judge Ketanji Brown Jackson’s Supreme Court confirmation hearings.,The New York Times,"{'main': 'For Ketanji Brown Jackson, View of Criminal Justice Was Shaped by Family', 'kicker': None, 'content_kicker': None, 'print_headline': 'A Judge With a View of Justice Shaped by Family', 'name': None, 'seo': None, 'sub': None}","[{'name': 'persons', 'value': 'Jackson, Ketanji Brown (1970- )', 'rank': 1, 'major': 'N'}, {'name': 'subject', 'value': 'Appointments and Executive Changes', 'rank': 2, 'major': 'N'}, {'name': 'persons', 'value': 'Biden, Joseph R Jr', 'rank': 3, 'major': 'N'}, {'name': 'persons', 'value': 'Breyer, Stephen G', 'rank': 4, 'major': 'N'}, {'name': 'persons', 'value': 'Trump, Donald J', 'rank': 5, 'major': 'N'}, {'name': 'organizations', 'value': 'Supreme Court (US)', 'rank': 6, 'major': 'N'}, {'name': 'subject', 'value': 'Content Type: Personal Profile', 'rank': 7, 'major': 'N'}, {'name': 'subject', 'value': 'Criminal Justice', 'rank': 8, 'major': 'N'}, {'name': 'subject', 'value': 'United States Politics and Government', 'rank': 9, 'major': 'N'}, {'name': 'subject', 'value': 'Courts and the Judiciary', 'rank': 10, 'major': 'N'}, {'name': 'subject', 'value': 'Black People', 'rank': 11, 'major': 'N'}, {'name': 'subject', 'value': 'Blacks', 'rank': 12, 'major': 'N'}, {'name': 'subject', 'value': 'Women and Girls', 'rank': 13, 'major': 'N'}]",2022-01-30T17:45:49+0000,"{'original': 'By Patricia Mazzei and Charlie Savage', 'person': [{'firstname': 'Patricia', 'middlename': None, 'lastname': 'Mazzei', 'qualifier': None, 'title': None, 'role': 'reported', 'organization': '', 'rank': 1}, {'firstname': 'Charlie', 'middlename': None, 'lastname': 'Savage', 'qualifier': None, 'title': None, 'role': 'reported', 'organization': '', 'rank': 2}], 'organization': None}",nyt://article/ebc81e00-22b8-54cc-9ab1-1050ffd105fd,0.0
"As Biden prepares to nominate the first Black woman to the nation’s highest court, members of this small, elite group are watching with complicated emotions.",https://www.nytimes.com/2022/01/29/us/supreme-court-black-women-biden.html,"[Race affects our lives in countless ways. To read more stories on race from The New York Times, sign up here for our Race/Related newsletter.]",The New York Times,"{'main': 'Black Women in Law Feel Pride and Frustration Ahead of Court Nominee', 'kicker': None, 'content_kicker': None, 'print_headline': 'Black Women in Law Envision a Supreme Court That Looks ‘More Like America’', 'name': None, 'seo': None, 'sub': None}","[{'name': 'subject', 'value': 'Black People', 'rank': 1, 'major': 'N'}, {'name': 'subject', 'value': 'Blacks', 'rank': 2, 'major': 'N'}, {'name': 'subject', 'value': 'Women and Girls', 'rank': 3, 'major': 'N'}, {'name': 'subject', 'value': 'Discrimination', 'rank': 4, 'major': 'N'}, {'name': 'subject', 'value': 'Legal Profession', 'rank': 5, 'major': 'N'}, {'name': 'subject', 'value': 'Law Schools', 'rank': 6, 'major': 'N'}, {'name': 'subject', 'value': 'Courts and the Judiciary', 'rank': 7, 'major': 'N'}, {'name': 'organizations', 'value': 'Supreme Court (US)', 'rank': 8, 'major': 'N'}, {'name': 'persons', 'value': 'Biden, Joseph R Jr', 'rank': 9, 'major': 'N'}, {'name': 'subject', 'value': 'Appointments and Executive Changes', 'rank': 10, 'major': 'N'}, {'name': 'subject', 'value': 'United States Politics and Government', 'rank': 11, 'major': 'N'}, {'name': 'persons', 'value': 'Breyer, Stephen G', 'rank': 12, 'major': 'N'}]",2022-01-29T21:43:43+0000,"{'original': 'By Tariro Mzezewa and Audra D. S. Burch', 'person': [{'firstname': 'Tariro', 'middlename': None, 'lastname': 'Mzezewa', 'qualifier': None, 'title': None, 'role': 'reported', 'organization': '', 'rank': 1}, {'firstname': 'Audra', 'middlename': None, 'lastname': None, 'qualifier': None, 'title': None, 'role': 'reported', 'organization': '', 'rank': 2}], 'organization': None}",nyt://article/d9ed6d19-6a66-52fc-bab8-dcae3e10d574,-0.16666666666666666
The boldest measures that President Biden is threatening to deter an invasion of Ukraine could roil the entire Russian economy — but also those of other nations.,https://www.nytimes.com/2022/01/29/us/politics/russia-sanctions-economy.html,"WASHINGTON — The most punishing sanctions that U.S. officials have threatened to impose on Russia could cause severe inflation, a stock market crash and other forms of financial panic that would inflict pain on its people — from billionaires to government officials to middle-class families.",The New York Times,"{'main': 'U.S. Sanctions Aimed at Russia Could Take a Wide Toll', 'kicker': None, 'content_kicker': None, 'print_headline': 'Sanctions’ Toll Could Hobble Life in Russia', 'name': None, 'seo': None, 'sub': None}","[{'name': 'glocations', 'value': 'Russia', 'rank': 1, 'major': 'N'}, {'name': 'glocations', 'value': 'Ukraine', 'rank': 2, 'major': 'N'}, {'name': 'subject', 'value': 'Embargoes and Sanctions', 'rank': 3, 'major': 'N'}, {'name': 'persons', 'value': 'Putin, Vladimir V', 'rank': 4, 'major': 'N'}, {'name': 'persons', 'value': 'Biden, Joseph R Jr', 'rank': 5, 'major': 'N'}, {'name': 'subject', 'value': 'United States International Relations', 'rank': 6, 'major': 'N'}, {'name': 'subject', 'value': 'Defense and Military Forces', 'rank': 7, 'major': 'N'}, {'name': 'subject', 'value': 'War and Armed Conflicts', 'rank': 8, 'major': 'N'}, {'name': 'subject', 'value': 'Banking and Financial Institutions', 'rank': 9, 'major': 'N'}, {'name': 'subject', 'value': 'Economic Conditions and Trends', 'rank': 10, 'major': 'N'}]",2022-01-29T16:56:37+0000,"{'original': 'By Michael Crowley and Edward Wong', 'person': [{'firstname': 'Michael', 'middlename': None, 'lastname': 'Crowley', 'qualifier': None, 'title': None, 'role': 'reported', 'organization': '', 'rank': 1}, {'firstname': 'Edward', 'middlename': None, 'lastname': 'Wong', 'qualifier': None, 'title': None, 'role': 'reported', 'organization': '', 'rank': 2}], 'organization': None}",nyt://article/94a502b9-9e96-5b2a-990f-92de7cdcd33b,-0.041666666666666664
The president believed pressuring the court’s oldest justice to retire might backfire. A chorus of liberals took a different approach.,https://www.nytimes.com/2022/01/28/us/politics/biden-breyer-retirement.html,"WASHINGTON — President Biden had hoped that Justice Stephen G. Breyer would retire soon. But as he and his advisers waited for the most senior member of the Supreme Court’s liberal wing to make up his mind, the president had made it clear: No one was to do anything to pressure him.",The New York Times,"{'main': 'As Breyer Pondered Retirement, Biden Bet on a Hands-Off Strategy', 'kicker': None, 'content_kicker': None, 'print_headline': 'As Breyer Pondered Retirement, Biden Resisted Urge to Weigh In', 'name': None, 'seo': None, 'sub': None}","[{'name': 'persons', 'value': 'Breyer, Stephen G', 'rank': 1, 'major': 'N'}, {'name': 'organizations', 'value': 'Supreme Court (US)', 'rank': 2, 'major': 'N'}, {'name': 'persons', 'value': 'Biden, Joseph R Jr', 'rank': 3, 'major': 'N'}, {'name': 'organizations', 'value': 'Democratic Party', 'rank': 4, 'major': 'N'}, {'name': 'subject', 'value': 'Appointments and Executive Changes', 'rank': 5, 'major': 'N'}, {'name': 'subject', 'value': 'United States Politics and Government', 'rank': 6, 'major': 'N'}]",2022-01-28T23:05:41+0000,"{'original': 'By Katie Rogers and Charlie Savage', 'person': [{'firstname': 'Katie', 'middlename': None, 'lastname': 'Rogers', 'qualifier': None, 'title': None, 'role': 'reported', 'organization': '', 'rank': 1}, {'firstname': 'Charlie', 'middlename': None, 'lastname': 'Savage', 'qualifier': None, 'title': None, 'role': 'reported', 'organization': '', 'rank': 2}], 'organization': None}",nyt://article/5b4fca8c-6991-5fd9-b05c-24e746642421,0.0
The deliberative process that our team followed with Obama’s nominees is outdated. Democrats should move as quickly as possible.,https://www.nytimes.com/2022/01/28/opinion/politics/supreme-court-justice-democrat.html,"With Justice Stephen Breyer’s announcement that he will retire from the Supreme Court this summer, President Biden has a chance to take the landmark step of putting the first Black woman on the court, while shaping the future of jurisprudence. Thanks to President Donald Trump and the former Senate majority leader Mitch McConnell, there is a new set of rules in place for Supreme Court nominations that all but guarantees Democrats will succeed.",The New York Times,"{'main': 'Democrats Should Take a Page From Mitch McConnell’s Book', 'kicker': 'Guest Essay', 'content_kicker': None, 'print_headline': 'Democrats, Take a Page From McConnell’s Book', 'name': None, 'seo': None, 'sub': None}","[{'name': 'organizations', 'value': 'Supreme Court (US)', 'rank': 1, 'major': 'N'}, {'name': 'subject', 'value': 'Appointments and Executive Changes', 'rank': 2, 'major': 'N'}, {'name': 'organizations', 'value': 'Democratic Party', 'rank': 3, 'major': 'N'}, {'name': 'persons', 'value': 'Biden, Joseph R Jr', 'rank': 4, 'major': 'N'}, {'name': 'organizations', 'value': 'Senate Committee on the Judiciary', 'rank': 5, 'major': 'N'}, {'name': 'persons', 'value': 'McConnell, Mitch', 'rank': 6, 'major': 'N'}, {'name': 'organizations', 'value': 'Senate', 'rank': 7, 'major': 'N'}, {'name': 'subject', 'value': 'United States Politics and Government', 'rank': 8, 'major': 'N'}]",2022-01-28T22:20:26+0000,"{'original': 'By Stephanie Cutter', 'person': [{'firstname': 'Stephanie', 'middlename': None, 'lastname': 'Cutter', 'qualifier': None, 'title': None, 'role': 'reported', 'organization': '', 'rank': 1}], 'organization': None}",nyt://article/036c40c3-5872-59ad-be36-4b9c115c9aff,-0.20000000000000004
"The Broadway star is writing a memoir with the help of a journalist who encouraged her to share what she’s really like, alter ego and all.",https://www.nytimes.com/2022/01/28/arts/chita-rivera-book.html,"Over the last seven decades, the Broadway star Chita Rivera has taken on and defined some of American musical theater’s most iconic roles: Anita in “West Side Story,” Rose in “Bye Bye Birdie,” Velma Kelly in “Chicago.”",The New York Times,"{'main': 'Chita Rivera’s Book Will Introduce Fans to the Real Her', 'kicker': None, 'content_kicker': None, 'print_headline': None, 'name': None, 'seo': None, 'sub': None}","[{'name': 'persons', 'value': 'Rivera, Chita', 'rank': 1, 'major': 'N'}, {'name': 'subject', 'value': 'Theater', 'rank': 2, 'major': 'N'}, {'name': 'subject', 'value': 'Dancing', 'rank': 3, 'major': 'N'}, {'name': 'subject', 'value': 'Content Type: Personal Profile', 'rank': 4, 'major': 'N'}, {'name': 'subject', 'value': 'Books and Literature', 'rank': 5, 'major': 'N'}, {'name': 'subject', 'value': 'Writing and Writers', 'rank': 6, 'major': 'N'}, {'name': 'persons', 'value': 'Pacheco, Patrick', 'rank': 7, 'major': 'N'}]",2022-01-28T20:55:08+0000,"{'original': 'By Alexandra Alter', 'person': [{'firstname': 'Alexandra', 'middlename': None, 'lastname': 'Alter', 'qualifier': None, 'title': None, 'role': 'reported', 'organization': '', 'rank': 1}], 'organization': None}",nyt://article/6707c19b-339c-5c4b-a781-31b726406170,0.2
Responses to a focus group of independent voters. Also: President Biden and the economy; Boris Johnson; sanctions against Russia; debtors and lawyers.,https://www.nytimes.com/2022/01/28/opinion/letters/independent-voters-biden.html,To the Editor:,The New York Times,"{'main': 'How Independent Voters Feel About Biden', 'kicker': 'letters', 'content_kicker': None, 'print_headline': 'How Independents Feel About Biden', 'name': None, 'seo': None, 'sub': None}","[{'name': 'persons', 'value': 'Biden, Joseph R Jr', 'rank': 1, 'major': 'N'}, {'name': 'subject', 'value': 'United States Politics and Government', 'rank': 2, 'major': 'N'}, {'name': 'subject', 'value': 'United States Economy', 'rank': 3, 'major': 'N'}, {'name': 'subject', 'value': 'Presidential Election of 2020', 'rank': 4, 'major': 'N'}, {'name': 'persons', 'value': 'Johnson, Boris', 'rank': 5, 'major': 'N'}, {'name': 'persons', 'value': 'Manchin, Joe III', 'rank': 6, 'major': 'N'}, {'name': 'persons', 'value': 'Putin, Vladimir V', 'rank': 7, 'major': 'N'}, {'name': 'glocations', 'value': 'Russia', 'rank': 8, 'major': 'N'}, {'name': 'glocations', 'value': 'Ukraine', 'rank': 9, 'major': 'N'}, {'name': 'subject', 'value': 'Embargoes and Sanctions', 'rank': 10, 'major': 'N'}, {'name': 'subject', 'value': 'Credit and Debt', 'rank': 11, 'major': 'N'}, {'name': 'organizations', 'value': 'Republican Party', 'rank': 12, 'major': 'N'}]",2022-01-28T18:40:20+0000,"{'original': None, 'person': [], 'organization': None}",nyt://article/22dc79d1-0e49-534d-bb1d-1859a001ca58,0.0
A Times investigation reveals how Israel reaped diplomatic gains around the world from NSO’s Pegasus spyware — a tool America itself purchased but is now trying to ban.,https://www.nytimes.com/2022/01/28/magazine/nso-group-israel-spyware.html,"In June 2019, three Israeli computer engineers arrived at a New Jersey building used by the F.B.I. They unpacked dozens of computer servers, arranging them on tall racks in an isolated room. As they set up the equipment, the engineers made a series of calls to their bosses in Herzliya, a Tel Aviv suburb, at the headquarters for NSO Group, the world’s most notorious maker of spyware. Then, with their equipment in place, they began testing.",The New York Times,"{'main': 'The Battle for the World’s Most Powerful Cyberweapon', 'kicker': None, 'content_kicker': None, 'print_headline': 'The Spyware Wars \t\t\t', 'name': None, 'seo': None, 'sub': None}","[{'name': 'organizations', 'value': 'NSO Group', 'rank': 1, 'major': 'N'}, {'name': 'glocations', 'value': 'Israel', 'rank': 2, 'major': 'N'}, {'name': 'subject', 'value': 'Cyberwarfare and Defense', 'rank': 3, 'major': 'N'}, {'name': 'subject', 'value': 'Espionage and Intelligence Services', 'rank': 4, 'major': 'N'}, {'name': 'subject', 'value': 'Surveillance of Citizens by Government', 'rank': 5, 'major': 'N'}, {'name': 'subject', 'value': 'International Relations', 'rank': 6, 'major': 'N'}, {'name': 'subject', 'value': 'Defense and Military Forces', 'rank': 7, 'major': 'N'}, {'name': 'subject', 'value': 'Arms Trade', 'rank': 8, 'major': 'N'}, {'name': 'subject', 'value': 'Government Contracts and Procurement', 'rank': 9, 'major': 'N'}, {'name': 'subject', 'value': 'Human Rights and Human Rights Violations', 'rank': 10, 'major': 'N'}, {'name': 'subject', 'value': 'Privacy', 'rank': 11, 'major': 'N'}, {'name': 'subject', 'value': 'Wireless Communications', 'rank': 12, 'major': 'N'}, {'name': 'subject', 'value': 'Smartphones', 'rank': 13, 'major': 'N'}, {'name': 'organizations', 'value': 'Facebook Inc', 'rank': 14, 'major': 'N'}, {'name': 'organizations', 'value': 'Justice Department', 'rank': 15, 'major': 'N'}, {'name': 'glocations', 'value': 'Mexico', 'rank': 16, 'major': 'N'}, {'name': 'glocations', 'value': 'Panama', 'rank': 17, 'major': 'N'}, {'name': 'glocations', 'value': 'Saudi Arabia', 'rank': 18, 'major': 'N'}, {'name': 'persons', 'value': 'Khashoggi, Jamal', 'rank': 19, 'major': 'N'}, {'name': 'persons', 'value': 'Mohammed bin Salman (1985- )', 'rank': 20, 'major': 'N'}, {'name': 'persons', 'value': 'Netanyahu, Benjamin', 'rank': 21, 'major': 'N'}, {'name': 'subject', 'value': 'United States Defense and Military Forces', 'rank': 22, 'major': 'N'}, {'name': 'persons', 'value': 'Hulio, Shalev', 'rank': 23, 'major': 'N'}, {'name': 'persons', 'value': 'Lavie, Omri', 'rank': 24, 'major': 'N'}, {'name': 'persons', 'value': 'Karmi, Niv', 'rank': 25, 'major': 'N'}]",2022-01-28T10:00:23+0000,"{'original': 'By Ronen Bergman and Mark Mazzetti', 'person': [{'firstname': 'Ronen', 'middlename': None, 'lastname': 'Bergman', 'qualifier': None, 'title': None, 'role': 'reported', 'organization': '', 'rank': 1}, {'firstname': 'Mark', 'middlename': None, 'lastname': 'Mazzetti', 'qualifier': None, 'title': None, 'role': 'reported', 'organization': '', 'rank': 2}], 'organization': None}",nyt://article/2aeab53d-67d8-5a54-85b0-fd04ea0b96e2,0.0
Did you follow the news this week? Take our quiz to see how well you stack up with other Times readers.,https://www.nytimes.com/interactive/2022/01/28/briefing/news-quiz-breyer-ukraine-jeopardy.html,Did you follow the news this week? Take our quiz to see how well you stack up with other Times readers.,The New York Times,"{'main': 'The New York Times News Quiz, January 28, 2022', 'kicker': None, 'content_kicker': None, 'print_headline': None, 'name': None, 'seo': None, 'sub': None}","[{'name': 'subject', 'value': 'internal-sub-only', 'rank': 1, 'major': 'N'}]",2022-01-28T10:00:03+0000,"{'original': None, 'person': [], 'organization': None}",nyt://interactive/82cc0918-cc6f-59b8-a62b-03ca05f4e3c0,-0.125
"In what amounts to a much-needed diplomatic reset, the U.S. is orchestrating the response to Russia’s threatening moves and making sure to include his European allies.",https://www.nytimes.com/2022/01/28/world/europe/biden-putin-ukraine-europe.html,"LONDON — When President Biden held a video call with European leaders about Ukraine this week, it had all the urgency of a Cold War-era crisis, replete with the specter of Russian tanks and troops menacing Eastern Europe. But Mr. Biden expanded the seats on his war council, adding Poland, Italy and the European Union to the familiar lineup of Britain, France and Germany.",The New York Times,"{'main': 'In Standoff With Putin, Biden Makes Sure European Allies Are With Him', 'kicker': None, 'content_kicker': None, 'print_headline': 'In Standoff With Putin, Biden Is Making Sure Allies Are Behind Him', 'name': None, 'seo': None, 'sub': None}","[{'name': 'glocations', 'value': 'Russia', 'rank': 1, 'major': 'N'}, {'name': 'glocations', 'value': 'Ukraine', 'rank': 2, 'major': 'N'}, {'name': 'persons', 'value': 'Biden, Joseph R Jr', 'rank': 3, 'major': 'N'}, {'name': 'subject', 'value': 'United States International Relations', 'rank': 4, 'major': 'N'}, {'name': 'subject', 'value': 'Defense and Military Forces', 'rank': 5, 'major': 'N'}, {'name': 'subject', 'value': 'War and Armed Conflicts', 'rank': 6, 'major': 'N'}, {'name': 'persons', 'value': 'Putin, Vladimir V', 'rank': 7, 'major': 'N'}, {'name': 'organizations', 'value': 'North Atlantic Treaty Organization', 'rank': 8, 'major': 'N'}, {'name': 'glocations', 'value': 'Europe', 'rank': 9, 'major': 'N'}, {'name': 'organizations', 'value': 'European Union', 'rank': 10, 'major': 'N'}]",2022-01-28T05:00:14+0000,"{'original': 'By Mark Landler, Steven Erlanger and David E. Sanger', 'person': [{'firstname': 'Mark', 'middlename': None, 'lastname': 'Landler', 'qualifier': None, 'title': None, 'role': 'reported', 'organization': '', 'rank': 1}, {'firstname': 'Steven', 'middlename': None, 'lastname': 'Erlanger', 'qualifier': None, 'title': None, 'role': 'reported', 'organization': '', 'rank': 2}, {'firstname': 'David', 'middlename': 'E.', 'lastname': 'Sanger', 'qualifier': None, 'title': None, 'role': 'reported', 'organization': '', 'rank': 3}], 'organization': None}",nyt://article/086f6d28-1ece-50b2-8164-80a715ce7e71,0.25
"President Biden is suffering in the polls as high inflation saps confidence in the economy, even as growth comes in strong.",https://www.nytimes.com/2022/01/27/business/economy/biden-economy-politics.html,"President Biden is contending with an uncomfortable disconnect: The economy grew at the fastest pace since 1984 last year, but voters are downright pessimistic about economic conditions and their own financial prospects.",The New York Times,"{'main': 'Growth Is Surging in Biden’s Economy. Why Don’t Voters Feel Better?', 'kicker': None, 'content_kicker': None, 'print_headline': 'If G.D.P. Is Up, Why Do Voters Feel So Down?', 'name': None, 'seo': None, 'sub': None}","[{'name': 'persons', 'value': 'Biden, Joseph R Jr', 'rank': 1, 'major': 'N'}, {'name': 'subject', 'value': 'Polls and Public Opinion', 'rank': 2, 'major': 'N'}, {'name': 'subject', 'value': 'Inflation (Economics)', 'rank': 3, 'major': 'N'}, {'name': 'subject', 'value': 'Prices (Fares, Fees and Rates)', 'rank': 4, 'major': 'N'}, {'name': 'subject', 'value': 'Consumer Confidence (Economic Indicator)', 'rank': 5, 'major': 'N'}, {'name': 'subject', 'value': 'United States Economy', 'rank': 6, 'major': 'N'}, {'name': 'subject', 'value': 'United States Politics and Government', 'rank': 7, 'major': 'N'}, {'name': 'subject', 'value': 'Coronavirus (2019-nCoV)', 'rank': 8, 'major': 'N'}]",2022-01-27T21:47:46+0000,"{'original': 'By Jeanna Smialek and Ben Casselman', 'person': [{'firstname': 'Jeanna', 'middlename': None, 'lastname': 'Smialek', 'qualifier': None, 'title': None, 'role': 'reported', 'organization': '', 'rank': 1}, {'firstname': 'Ben', 'middlename': None, 'lastname': 'Casselman', 'qualifier': None, 'title': None, 'role': 'reported', 'organization': '', 'rank': 2}], 'organization': None}",nyt://article/5f1c4585-07b0-5aaa-82aa-628c3256f87a,0.29666666666666663
"He was jailed multiple times in the South during the 1960s and made human rights his lifelong cause, following the Jewish doctrine of “tikkun olam” — to repair the world.",https://www.nytimes.com/2022/01/27/us/rabbi-israel-dresner-dead.html,"Israel S. Dresner, a New Jersey rabbi who ventured into the Deep South in the 1960s to champion civil rights, befriended the Rev. Dr. Martin Luther King Jr. and was jailed multiple times for demonstrating against racial segregation, died on Jan. 13 in Wayne, N.J. He was 92.",The New York Times,"{'main': 'Rabbi Israel Dresner, Civil Rights Champion and King Ally, Dies at 92', 'kicker': None, 'content_kicker': None, 'print_headline': 'Rabbi Israel Dresner, 92, Civil Rights Champion Who Befriended King, Dies', 'name': None, 'seo': None, 'sub': None}","[{'name': 'persons', 'value': 'Dresner, Israel S', 'rank': 1, 'major': 'N'}, {'name': 'subject', 'value': 'Deaths (Obituaries)', 'rank': 2, 'major': 'N'}, {'name': 'subject', 'value': 'Jews and Judaism', 'rank': 3, 'major': 'N'}, {'name': 'subject', 'value': 'Rabbis', 'rank': 4, 'major': 'N'}, {'name': 'subject', 'value': 'Civil Rights Movement (1954-68)', 'rank': 5, 'major': 'N'}, {'name': 'persons', 'value': 'King, Martin Luther Jr', 'rank': 6, 'major': 'N'}]",2022-01-27T18:05:47+0000,"{'original': 'By Sam Roberts', 'person': [{'firstname': 'Sam', 'middlename': None, 'lastname': 'Roberts', 'qualifier': None, 'title': None, 'role': 'reported', 'organization': '', 'rank': 1}], 'organization': None}",nyt://article/9192889a-b371-5c3c-9ef8-be588a08bdaa,-0.02
"Speaking with Justice Stephen Breyer by his side, Mr. Biden hailed his decades on the federal bench, including almost 28 years on the Supreme Court.",https://www.nytimes.com/2022/01/27/us/politics/biden-breyer-retire.html,"WASHINGTON — President Biden said on Thursday that he would name a successor for Justice Stephen G. Breyer by the end of February, calling the retiring jurist “a model public servant in a time of great division” and pledging to take what he called the overdue step of putting a Black woman on the court for the first time in its 232-year history.",The New York Times,"{'main': 'Biden plans to name Breyer’s successor by the end of February.', 'kicker': None, 'content_kicker': None, 'print_headline': 'Biden to Name Pick for Court Within Month', 'name': None, 'seo': None, 'sub': None}","[{'name': 'persons', 'value': 'Breyer, Stephen G', 'rank': 1, 'major': 'N'}, {'name': 'persons', 'value': 'Biden, Joseph R Jr', 'rank': 2, 'major': 'N'}, {'name': 'organizations', 'value': 'Supreme Court (US)', 'rank': 3, 'major': 'N'}, {'name': 'subject', 'value': 'Appointments and Executive Changes', 'rank': 4, 'major': 'N'}, {'name': 'subject', 'value': 'United States Politics and Government', 'rank': 5, 'major': 'N'}, {'name': 'persons', 'value': 'Childs, J Michelle', 'rank': 6, 'major': 'N'}, {'name': 'persons', 'value': 'Jackson, Ketanji Brown (1970- )', 'rank': 7, 'major': 'N'}, {'name': 'persons', 'value': 'Kruger, Leondra R', 'rank': 8, 'major': 'N'}, {'name': 'organizations', 'value': 'Democratic Party', 'rank': 9, 'major': 'N'}, {'name': 'organizations', 'value': 'Republican Party', 'rank': 10, 'major': 'N'}, {'name': 'organizations', 'value': 'Senate', 'rank': 11, 'major': 'N'}]",2022-01-27T14:09:14+0000,"{'original': 'By Michael D. Shear', 'person': [{'firstname': 'Michael', 'middlename': None, 'lastname': None, 'qualifier': None, 'title': None, 'role': 'reported', 'organization': '', 'rank': 1}], 'organization': None}",nyt://article/7bd94110-dccc-5126-bed8-c690444a8064,0.0
The latest on the coming Supreme Court nomination.,https://www.nytimes.com/2022/01/27/briefing/stephen-breyer-retirement-biden-nomination.html,Stephen Breyer has just done something that liberal Supreme Court justices in the modern era don’t always do: He has timed his retirement so that an ideologically similar justice is likely to replace him.,The New York Times,"{'main': 'After Breyer', 'kicker': 'The Morning Newsletter', 'content_kicker': None, 'print_headline': None, 'name': None, 'seo': None, 'sub': None}","[{'name': 'organizations', 'value': 'Supreme Court (US)', 'rank': 1, 'major': 'N'}, {'name': 'persons', 'value': 'Breyer, Stephen G', 'rank': 2, 'major': 'N'}, {'name': 'persons', 'value': 'Ginsburg, Ruth Bader', 'rank': 3, 'major': 'N'}, {'name': 'subject', 'value': 'Appointments and Executive Changes', 'rank': 4, 'major': 'N'}, {'name': 'persons', 'value': 'Biden, Joseph R Jr', 'rank': 5, 'major': 'N'}, {'name': 'subject', 'value': 'United States Politics and Government', 'rank': 6, 'major': 'N'}]",2022-01-27T11:29:31+0000,"{'original': 'By David Leonhardt', 'person': [{'firstname': 'David', 'middlename': None, 'lastname': 'Leonhardt', 'qualifier': None, 'title': None, 'role': 'reported', 'organization': '', 'rank': 1}], 'organization': None}",nyt://article/90c81fc4-b01e-54ea-83c3-b0be82f84f5b,0.5
"The overall 2021 increase in the gross domestic product was the biggest in decades as the pandemic’s effects eased, though challenges persist.",https://www.nytimes.com/2022/01/27/business/us-gdp-4q-2021.html,The U.S. economy ended last year with a flourish as consumer spending and business investment helped loosen the pandemic’s stubborn grip.,The New York Times,"{'main': 'U.S. Economy Grew 1.7% in 4th Quarter, Capping a Strong Year', 'kicker': None, 'content_kicker': None, 'print_headline': 'Economy in 2021  Surged by 5.7%,  Best in Decades', 'name': None, 'seo': None, 'sub': None}","[{'name': 'subject', 'value': 'United States Economy', 'rank': 1, 'major': 'N'}, {'name': 'subject', 'value': 'Supply Chain', 'rank': 2, 'major': 'N'}, {'name': 'subject', 'value': 'Labor and Jobs', 'rank': 3, 'major': 'N'}, {'name': 'subject', 'value': 'Inflation (Economics)', 'rank': 4, 'major': 'N'}, {'name': 'subject', 'value': 'Gross Domestic Product', 'rank': 5, 'major': 'N'}, {'name': 'organizations', 'value': 'Federal Reserve System', 'rank': 6, 'major': 'N'}, {'name': 'subject', 'value': 'Coronavirus Omicron Variant', 'rank': 7, 'major': 'N'}]",2022-01-27T10:00:20+0000,"{'original': 'By Talmon Joseph Smith', 'person': [{'firstname': 'Talmon', 'middlename': 'Joseph', 'lastname': 'Smith', 'qualifier': None, 'title': None, 'role': 'reported', 'organization': '', 'rank': 1}], 'organization': None}",nyt://article/f96b06cc-29f5-5d92-9e1f-3f109e118fcc,0.0
"Kim Jong-un, the North Korean leader, has done six missile tests this month — equal to all of 2021 — and called on the nation to prepare for “long-term confrontation.”",https://www.nytimes.com/2022/01/27/us/politics/north-korea-biden-missile-tests.html,"WASHINGTON — After North Korea ushered in the new year with four sets of ballistic missile tests this month, the Biden administration turned to a well-thumbed page in the Washington playbook: It called for more United Nations sanctions.",The New York Times,"{'main': 'Can Biden Avert a Crisis With North Korea?', 'kicker': 'NEWS Analysis', 'content_kicker': None, 'print_headline': 'North Korea Gives U.S. A New Crisis to Avert', 'name': None, 'seo': None, 'sub': None}","[{'name': 'glocations', 'value': 'North Korea', 'rank': 1, 'major': 'N'}, {'name': 'subject', 'value': 'Nuclear Weapons', 'rank': 2, 'major': 'N'}, {'name': 'subject', 'value': 'Nuclear Tests', 'rank': 3, 'major': 'N'}, {'name': 'subject', 'value': 'Missiles and Missile Defense Systems', 'rank': 4, 'major': 'N'}, {'name': 'subject', 'value': 'Arms Control and Limitation and Disarmament', 'rank': 5, 'major': 'N'}, {'name': 'subject', 'value': 'United States International Relations', 'rank': 6, 'major': 'N'}, {'name': 'subject', 'value': 'Embargoes and Sanctions', 'rank': 7, 'major': 'N'}, {'name': 'persons', 'value': 'Biden, Joseph R Jr', 'rank': 8, 'major': 'N'}, {'name': 'persons', 'value': 'Kim Jong-un', 'rank': 9, 'major': 'N'}, {'name': 'glocations', 'value': 'South Korea', 'rank': 10, 'major': 'N'}]",2022-01-27T10:00:17+0000,"{'original': 'By Edward Wong', 'person': [{'firstname': 'Edward', 'middlename': None, 'lastname': 'Wong', 'qualifier': None, 'title': None, 'role': 'reported', 'organization': '', 'rank': 1}], 'organization': None}",nyt://article/cc8d1b35-7f57-504d-a44f-ff18e074bc7b,0.0
"Given their tenuous majority, Democrats intend to act fast, anticipating roadblocks from Senator Mitch McConnell and Republicans.",https://www.nytimes.com/2022/01/26/us/politics/senate-democrats-breyer-vacancy.html,"WASHINGTON — Senate Democrats say they plan to move speedily to consider President Biden’s nominee for the Supreme Court vacancy created by the retirement of Justice Stephen G. Breyer, following the lead of Republicans who raced through the nomination of Justice Amy Coney Barrett in a matter of weeks before the 2020 elections.",The New York Times,"{'main': 'Senate Democrats Plan to Move Quickly on Successor to Justice Breyer', 'kicker': None, 'content_kicker': None, 'print_headline': 'With Midterms on Horizon, Senate Democrats Vow a Speedy Hearing', 'name': None, 'seo': None, 'sub': None}","[{'name': 'organizations', 'value': 'Supreme Court (US)', 'rank': 1, 'major': 'N'}, {'name': 'subject', 'value': 'Appointments and Executive Changes', 'rank': 2, 'major': 'N'}, {'name': 'organizations', 'value': 'Senate', 'rank': 3, 'major': 'N'}, {'name': 'organizations', 'value': 'Senate Committee on the Judiciary', 'rank': 4, 'major': 'N'}, {'name': 'organizations', 'value': 'Democratic Party', 'rank': 5, 'major': 'N'}, {'name': 'organizations', 'value': 'Republican Party', 'rank': 6, 'major': 'N'}, {'name': 'subject', 'value': 'United States Politics and Government', 'rank': 7, 'major': 'N'}, {'name': 'persons', 'value': 'Breyer, Stephen G', 'rank': 8, 'major': 'N'}, {'name': 'persons', 'value': 'Biden, Joseph R Jr', 'rank': 9, 'major': 'N'}, {'name': 'persons', 'value': 'McConnell, Mitch', 'rank': 10, 'major': 'N'}, {'name': 'persons', 'value': 'Schumer, Charles E', 'rank': 11, 'major': 'N'}]",2022-01-27T00:36:30+0000,"{'original': 'By Carl Hulse', 'person': [{'firstname': 'Carl', 'middlename': None, 'lastname': 'Hulse', 'qualifier': None, 'title': None, 'role': 'reported', 'organization': '', 'rank': 1}], 'organization': None}",nyt://article/1ed09978-0dcc-5ee1-80bd-f6f9c7bf62c9,0.2
"After a series of legislative losses, the chance for President Biden to fulfill a promise by nominating a Black woman was seen by progressives as a chance to show he could still bring about change.",https://www.nytimes.com/2022/01/26/us/politics/democrats-stephen-breyer-retirement.html,"WASHINGTON — Black and progressive allies of President Biden, discouraged by dispiriting legislative losses on social spending and voting rights, said on Wednesday that they see the chance for Mr. Biden to name a replacement for Justice Stephen G. Breyer as a welcome opportunity for a shift in focus and a much-needed win.",The New York Times,"{'main': 'Breyer’s Retirement Gives Democrats a Dose of (Cautious) Optimism', 'kicker': None, 'content_kicker': None, 'print_headline': 'With the Announcement, Democrats Receive a Dose Of Cautious Optimism', 'name': None, 'seo': None, 'sub': None}","[{'name': 'subject', 'value': 'Appointments and Executive Changes', 'rank': 1, 'major': 'N'}, {'name': 'subject', 'value': 'United States Politics and Government', 'rank': 2, 'major': 'N'}, {'name': 'subject', 'value': 'Black People', 'rank': 3, 'major': 'N'}, {'name': 'subject', 'value': 'Blacks', 'rank': 4, 'major': 'N'}, {'name': 'organizations', 'value': 'Supreme Court (US)', 'rank': 5, 'major': 'N'}, {'name': 'persons', 'value': 'Breyer, Stephen G', 'rank': 6, 'major': 'N'}, {'name': 'persons', 'value': 'Biden, Joseph R Jr', 'rank': 7, 'major': 'N'}]",2022-01-27T00:24:49+0000,"{'original': 'By Katie Rogers and Annie Karni', 'person': [{'firstname': 'Katie', 'middlename': None, 'lastname': 'Rogers', 'qualifier': None, 'title': None, 'role': 'reported', 'organization': '', 'rank': 1}, {'firstname': 'Annie', 'middlename': None, 'lastname': 'Karni', 'qualifier': None, 'title': None, 'role': 'reported', 'organization': '', 'rank': 2}], 'organization': None}",nyt://article/35f901b2-00d6-5073-b82e-6ae6bd93990d,-0.16666666666666666
"Though Democrats do not need to worry about Republicans using a filibuster against the forthcoming nominee, winning confirmation is no slam dunk.",https://www.nytimes.com/2022/01/26/us/politics/biden-scotus-nominee-filibuster.html,"While Democrats failed last week to upend the Senate filibuster to pass new voting rights laws, they do not have to change any rules to thwart a Republican filibuster against a Supreme Court nominee — those changes have already been made.",The New York Times,"{'main': 'Here’s why Republicans can’t filibuster President Biden’s Supreme Court nominee.', 'kicker': None, 'content_kicker': None, 'print_headline': 'Filibuster Isn’t Option on Nomination of Justice', 'name': None, 'seo': None, 'sub': None}","[{'name': 'subject', 'value': 'United States Politics and Government', 'rank': 1, 'major': 'N'}, {'name': 'subject', 'value': 'Filibusters and Debate Curbs', 'rank': 2, 'major': 'N'}, {'name': 'subject', 'value': 'Courts and the Judiciary', 'rank': 3, 'major': 'N'}, {'name': 'organizations', 'value': 'Republican Party', 'rank': 4, 'major': 'N'}, {'name': 'organizations', 'value': 'Democratic Party', 'rank': 5, 'major': 'N'}, {'name': 'organizations', 'value': 'Supreme Court (US)', 'rank': 6, 'major': 'N'}, {'name': 'organizations', 'value': 'Senate', 'rank': 7, 'major': 'N'}, {'name': 'persons', 'value': 'Biden, Joseph R Jr', 'rank': 8, 'major': 'N'}]",2022-01-26T23:00:06+0000,"{'original': 'By Carl Hulse', 'person': [{'firstname': 'Carl', 'middlename': None, 'lastname': 'Hulse', 'qualifier': None, 'title': None, 'role': 'reported', 'organization': '', 'rank': 1}], 'organization': None}",nyt://article/803bde1d-bcb7-5f40-8693-9c3081d9d8a7,0.5
"At 45, she would be younger than all but one of the current justices were when they were nominated.",https://www.nytimes.com/2022/01/26/us/politics/justice-leondra-r-kruger.html,Justice Leondra R. Kruger of the California Supreme Court has many of the qualifications typical of nominees for vacancies on the U.S. Supreme Court.,The New York Times,"{'main': 'Justice Leondra R. Kruger of the California Supreme Court is a possible nominee.', 'kicker': None, 'content_kicker': None, 'print_headline': None, 'name': None, 'seo': None, 'sub': None}","[{'name': 'persons', 'value': 'Kluger, Leondra R', 'rank': 1, 'major': 'N'}, {'name': 'persons', 'value': 'Breyer, Stephen G', 'rank': 2, 'major': 'N'}, {'name': 'organizations', 'value': 'Supreme Court (US)', 'rank': 3, 'major': 'N'}, {'name': 'subject', 'value': 'United States Politics and Government', 'rank': 4, 'major': 'N'}, {'name': 'subject', 'value': 'Supreme Courts (State)', 'rank': 5, 'major': 'N'}, {'name': 'glocations', 'value': 'California', 'rank': 6, 'major': 'N'}]",2022-01-26T21:14:08+0000,"{'original': 'By Adam Liptak', 'person': [{'firstname': 'Adam', 'middlename': None, 'lastname': 'Liptak', 'qualifier': None, 'title': None, 'role': 'reported', 'organization': '', 'rank': 1}], 'organization': None}",nyt://article/b8c5745a-bdc9-536c-98f0-c4f3297f0eab,0.0
American and Kurdish-led forces once beat back the Islamic State in Syria. Now they are fighting together again.,https://www.nytimes.com/2022/01/26/world/middleeast/us-kurds-syria.html,"For U.S. forces in Syria, an on-again off-again alliance is very much on again.",The New York Times,"{'main': 'The U.S.-Kurd alliance in Syria has a tangled history.', 'kicker': None, 'content_kicker': None, 'print_headline': None, 'name': None, 'seo': None, 'sub': None}","[{'name': 'glocations', 'value': 'Syria', 'rank': 1, 'major': 'N'}, {'name': 'organizations', 'value': 'Syrian Democratic Forces', 'rank': 2, 'major': 'N'}, {'name': 'subject', 'value': 'United States Defense and Military Forces', 'rank': 3, 'major': 'N'}, {'name': 'subject', 'value': 'Kurds', 'rank': 4, 'major': 'N'}, {'name': 'organizations', 'value': 'Islamic State in Iraq and Syria (ISIS)', 'rank': 5, 'major': 'N'}]",2022-01-26T21:06:28+0000,"{'original': 'By Cora Engelbrecht', 'person': [{'firstname': 'Cora', 'middlename': None, 'lastname': 'Engelbrecht', 'qualifier': None, 'title': None, 'role': 'reported', 'organization': '', 'rank': 1}], 'organization': None}",nyt://article/b5dfc53a-8bba-5231-b505-699ab0cb4eea,0.0
"The leases, reinstated during the Trump years, would have allowed a Chilean mining conglomerate to dig for copper and nickel near the Boundary Waters wilderness in Minnesota.",https://www.nytimes.com/2022/01/26/climate/boundary-waters-copper-mining.html,The Biden administration said Wednesday that it had canceled two mining leases that would have allowed a copper mine to be built near an area of pristine wilderness in Minnesota.,The New York Times,"{'main': 'Biden Administration Cancels Mining Leases Near Wilderness Area', 'kicker': None, 'content_kicker': None, 'print_headline': None, 'name': None, 'seo': None, 'sub': None}","[{'name': 'subject', 'value': 'Global Warming', 'rank': 1, 'major': 'N'}, {'name': 'subject', 'value': 'Greenhouse Gas Emissions', 'rank': 2, 'major': 'N'}, {'name': 'subject', 'value': 'United States Politics and Government', 'rank': 3, 'major': 'N'}, {'name': 'subject', 'value': 'Mines and Mining', 'rank': 4, 'major': 'N'}, {'name': 'subject', 'value': 'Copper, Brass and Bronze', 'rank': 5, 'major': 'N'}, {'name': 'organizations', 'value': 'Interior Department', 'rank': 6, 'major': 'N'}, {'name': 'persons', 'value': 'Luksic, Andronico', 'rank': 7, 'major': 'N'}, {'name': 'glocations', 'value': 'Minnesota', 'rank': 8, 'major': 'N'}]",2022-01-26T20:26:56+0000,"{'original': 'By Hiroko Tabuchi', 'person': [{'firstname': 'Hiroko', 'middlename': None, 'lastname': 'Tabuchi', 'qualifier': None, 'title': None, 'role': 'reported', 'organization': '', 'rank': 1}], 'organization': None}",nyt://article/778f83c3-28a3-5294-b29b-ee3886288ed0,0.1
"Representative James E. Clyburn, Democrat of South Carolina, supports a little-known federal judge in his home state: J. Michelle Childs.",https://www.nytimes.com/2022/01/26/us/politics/j-michelle-childs.html,"Days after President Biden was sworn in last year, one of his top congressional allies went to the White House with the name of a judge he believed should be appointed to the Supreme Court.",The New York Times,"{'main': 'A top Biden ally has a favored candidate to replace Justice Breyer: Judge J. Michelle Childs.', 'kicker': None, 'content_kicker': None, 'print_headline': None, 'name': None, 'seo': None, 'sub': None}","[{'name': 'persons', 'value': 'Childs, J Michelle', 'rank': 1, 'major': 'N'}, {'name': 'glocations', 'value': 'South Carolina', 'rank': 2, 'major': 'N'}, {'name': 'subject', 'value': 'Appeals Courts (US)', 'rank': 3, 'major': 'N'}, {'name': 'subject', 'value': 'United States Politics and Government', 'rank': 4, 'major': 'N'}, {'name': 'persons', 'value': 'Clyburn, James E', 'rank': 5, 'major': 'N'}, {'name': 'persons', 'value': 'Biden, Joseph R Jr', 'rank': 6, 'major': 'N'}]",2022-01-26T20:15:57+0000,"{'original': 'By Michael S. Schmidt', 'person': [{'firstname': 'Michael', 'middlename': 'S.', 'lastname': 'Schmidt', 'qualifier': None, 'title': None, 'role': 'reported', 'organization': '', 'rank': 1}], 'organization': None}",nyt://article/fec3ef95-9066-5036-a2b5-6eaa5c67b7c2,0.0
"Judge Jackson, 51, already successfully went through the Senate confirmation process last year.",https://www.nytimes.com/2022/01/26/us/politics/ketanji-brown-jackson-supreme-court.html,"Attention quickly turned on Wednesday to Judge Ketanji Brown Jackson as one of a small number of likely options who could fulfill President Biden’s pledge to nominate the first Black woman to the Supreme Court, after the disclosure that Justice Stephen G. Breyer has decided to retire.",The New York Times,"{'main': 'Judge Ketanji Brown Jackson is among the leading candidates to succeed Justice Breyer.', 'kicker': None, 'content_kicker': None, 'print_headline': None, 'name': None, 'seo': None, 'sub': None}","[{'name': 'persons', 'value': 'Jackson, Ketanji Brown (1970- )', 'rank': 1, 'major': 'N'}, {'name': 'subject', 'value': 'Appeals Courts (US)', 'rank': 2, 'major': 'N'}, {'name': 'persons', 'value': 'Breyer, Stephen G', 'rank': 3, 'major': 'N'}, {'name': 'organizations', 'value': 'Supreme Court (US)', 'rank': 4, 'major': 'N'}, {'name': 'subject', 'value': 'United States Politics and Government', 'rank': 5, 'major': 'N'}, {'name': 'subject', 'value': 'Content Type: Personal Profile', 'rank': 6, 'major': 'N'}]",2022-01-26T19:13:31+0000,"{'original': 'By Charlie Savage', 'person': [{'firstname': 'Charlie', 'middlename': None, 'lastname': 'Savage', 'qualifier': None, 'title': None, 'role': 'reported', 'organization': '', 'rank': 1}], 'organization': None}",nyt://article/42949a90-9d55-58fe-a7d5-cb1e4f06a60f,0.375
"Recent changes in Senate rules mean a nominee can be confirmed with a bare majority, but Democrats will have to hold their narrow ranks together.",https://www.nytimes.com/2022/01/26/us/politics/supreme-court-nominee-nomination-biden-democrats.html,"WASHINGTON — Democrats could confirm a successor to Justice Stephen G. Breyer without any Republican support under Senate rules that shield a Supreme Court nomination from a filibuster, but would have to hold their bare majority together to do so.",The New York Times,"{'main': 'Democrats can seat a new justice on their own, even if Republicans unite in opposition.', 'kicker': None, 'content_kicker': None, 'print_headline': None, 'name': None, 'seo': None, 'sub': None}","[{'name': 'subject', 'value': 'Federal Courts (US)', 'rank': 1, 'major': 'N'}, {'name': 'organizations', 'value': 'Republican Party', 'rank': 2, 'major': 'N'}, {'name': 'organizations', 'value': 'Democratic Party', 'rank': 3, 'major': 'N'}, {'name': 'organizations', 'value': 'Senate', 'rank': 4, 'major': 'N'}, {'name': 'organizations', 'value': 'Senate Committee on the Judiciary', 'rank': 5, 'major': 'N'}, {'name': 'organizations', 'value': 'Supreme Court (US)', 'rank': 6, 'major': 'N'}, {'name': 'persons', 'value': 'Breyer, Stephen G', 'rank': 7, 'major': 'N'}, {'name': 'persons', 'value': 'Biden, Joseph R Jr', 'rank': 8, 'major': 'N'}, {'name': 'persons', 'value': 'Durbin, Richard J', 'rank': 9, 'major': 'N'}]",2022-01-26T18:19:09+0000,"{'original': 'By Carl Hulse', 'person': [{'firstname': 'Carl', 'middlename': None, 'lastname': 'Hulse', 'qualifier': None, 'title': None, 'role': 'reported', 'organization': '', 'rank': 1}], 'organization': None}",nyt://article/1814a276-70bb-5390-a96f-ef0a26da7393,-0.0125
The decision gives President Biden a window to fulfill a campaign pledge to nominate a Black woman to the court.,https://www.nytimes.com/2022/01/26/us/stephen-breyer-retire-supreme-court.html,Follow live coverage on Stephen Breyer’s retirement from the Supreme Court.,The New York Times,"{'main': 'Justice Breyer to Retire From Supreme Court', 'kicker': None, 'content_kicker': None, 'print_headline': 'Breyer to Retire, Giving Biden a Court Pick', 'name': None, 'seo': None, 'sub': None}","[{'name': 'persons', 'value': 'Breyer, Stephen G', 'rank': 1, 'major': 'N'}, {'name': 'organizations', 'value': 'Supreme Court (US)', 'rank': 2, 'major': 'N'}, {'name': 'subject', 'value': 'Appointments and Executive Changes', 'rank': 3, 'major': 'N'}, {'name': 'subject', 'value': 'United States Politics and Government', 'rank': 4, 'major': 'N'}, {'name': 'persons', 'value': 'Biden, Joseph R Jr', 'rank': 5, 'major': 'N'}, {'name': 'organizations', 'value': 'Senate', 'rank': 6, 'major': 'N'}, {'name': 'organizations', 'value': 'Republican Party', 'rank': 7, 'major': 'N'}, {'name': 'organizations', 'value': 'Democratic Party', 'rank': 8, 'major': 'N'}]",2022-01-26T17:14:22+0000,"{'original': 'By Adam Liptak', 'person': [{'firstname': 'Adam', 'middlename': None, 'lastname': 'Liptak', 'qualifier': None, 'title': None, 'role': 'reported', 'organization': '', 'rank': 1}], 'organization': None}",nyt://article/0c7525a6-a1fc-55e0-b78b-7cf8472bede9,-0.16666666666666666
Coast Guard officials said a search was still underway for 38 migrants missing after a boat capsized off Florida. The situation looked increasingly dire.,https://www.nytimes.com/2022/01/26/us/capsized-boat-florida.html,[The Coast Guard suspended its search for victims after recovering the bodies of five migrants.],The New York Times,"{'main': 'A Surge at Sea: Migrants Seek Entry to the U.S. Aboard Flimsy Boats', 'kicker': None, 'content_kicker': None, 'print_headline': 'Rise in Migrants at Sea  Poses a Worry for Biden', 'name': None, 'seo': None, 'sub': None}","[{'name': 'subject', 'value': 'Maritime Accidents and Safety', 'rank': 1, 'major': 'N'}, {'name': 'subject', 'value': 'Drownings', 'rank': 2, 'major': 'N'}, {'name': 'subject', 'value': 'Rescues', 'rank': 3, 'major': 'N'}, {'name': 'organizations', 'value': 'United States Coast Guard', 'rank': 4, 'major': 'N'}, {'name': 'subject', 'value': 'Illegal Immigration', 'rank': 5, 'major': 'N'}, {'name': 'subject', 'value': 'Smuggling', 'rank': 6, 'major': 'N'}, {'name': 'subject', 'value': 'Human Trafficking', 'rank': 7, 'major': 'N'}, {'name': 'glocations', 'value': 'Bahama Islands', 'rank': 8, 'major': 'N'}, {'name': 'glocations', 'value': 'Florida', 'rank': 9, 'major': 'N'}, {'name': 'glocations', 'value': 'Bimini (Bahamas)', 'rank': 10, 'major': 'N'}, {'name': 'glocations', 'value': 'Fort Pierce (Fla)', 'rank': 11, 'major': 'N'}]",2022-01-26T15:22:26+0000,"{'original': 'By Frances Robles and Miriam Jordan', 'person': [{'firstname': 'Frances', 'middlename': None, 'lastname': 'Robles', 'qualifier': None, 'title': None, 'role': 'reported', 'organization': '', 'rank': 1}, {'firstname': 'Miriam', 'middlename': None, 'lastname': 'Jordan', 'qualifier': None, 'title': None, 'role': 'reported', 'organization': '', 'rank': 2}], 'organization': None}",nyt://article/49ff3093-35db-5823-bef1-7d1c230441ee,-0.2
"In the wake of Bill Gates and Melinda French Gates’s divorce, their foundation added members to its new governing board.",https://www.nytimes.com/2022/01/26/business/gates-foundation-new-trustees.html,"For the first time ever, the Bill and Melinda Gates Foundation will be governed by a board that includes people who are not named Gates or Buffett. The question is whether they will have the power to change anything, or even want to.",The New York Times,"{'main': 'Three New Faces to Help Steer the Gates Foundation', 'kicker': None, 'content_kicker': None, 'print_headline': '3 New Faces,  None Named  Gates, Join Foundation', 'name': None, 'seo': None, 'sub': None}","[{'name': 'organizations', 'value': 'Gates, Bill and Melinda, Foundation', 'rank': 1, 'major': 'N'}, {'name': 'subject', 'value': 'Boards of Directors', 'rank': 2, 'major': 'N'}, {'name': 'persons', 'value': 'Tierney, Thomas J (1954- )', 'rank': 3, 'major': 'N'}, {'name': 'persons', 'value': 'Shafik, Nemat', 'rank': 4, 'major': 'N'}, {'name': 'persons', 'value': 'Masiyiwa, Strive', 'rank': 5, 'major': 'N'}, {'name': 'subject', 'value': 'Appointments and Executive Changes', 'rank': 6, 'major': 'N'}, {'name': 'subject', 'value': 'Philanthropy', 'rank': 7, 'major': 'N'}, {'name': 'persons', 'value': 'Gates, Bill', 'rank': 8, 'major': 'N'}, {'name': 'persons', 'value': 'Gates, Melinda', 'rank': 9, 'major': 'N'}, {'name': 'persons', 'value': 'Buffett, Warren E', 'rank': 10, 'major': 'N'}]",2022-01-26T14:00:07+0000,"{'original': 'By Nicholas Kulish', 'person': [{'firstname': 'Nicholas', 'middlename': None, 'lastname': 'Kulish', 'qualifier': None, 'title': None, 'role': 'reported', 'organization': '', 'rank': 1}], 'organization': None}",nyt://article/45436ffd-4fcd-5c24-9d4e-5a6f026e0ad2,0.06818181818181818
"Ruy Teixeira was co-author of one of the most influential political books of the 21st century. Now, he says, Democrats are getting its lessons all wrong.",https://www.nytimes.com/2022/01/25/us/politics/ruy-teixeira-democrats.html,"A funny thing happened on the way to the emerging Democratic majority. Twenty years on, the co-authors of a hugely influential work on the subject acknowledge that their party took a detour.",The New York Times,"{'main': 'Confessions of a Liberal Heretic', 'kicker': 'The On Politics Newsletter', 'content_kicker': None, 'print_headline': None, 'name': None, 'seo': None, 'sub': None}","[{'name': 'subject', 'value': 'United States Politics and Government', 'rank': 1, 'major': 'N'}, {'name': 'organizations', 'value': 'Democratic Party', 'rank': 2, 'major': 'N'}, {'name': 'persons', 'value': 'Teixeira, Ruy', 'rank': 3, 'major': 'N'}, {'name': 'persons', 'value': 'Biden, Joseph R Jr', 'rank': 4, 'major': 'N'}, {'name': 'persons', 'value': 'Judis, John B', 'rank': 5, 'major': 'N'}, {'name': 'persons', 'value': 'Kendi, Ibram X', 'rank': 6, 'major': 'N'}, {'name': 'subject', 'value': 'Race and Ethnicity', 'rank': 7, 'major': 'N'}]",2022-01-26T00:00:05+0000,"{'original': 'By Blake Hounshell and Leah Askarinam', 'person': [{'firstname': 'Blake', 'middlename': None, 'lastname': 'Hounshell', 'qualifier': None, 'title': None, 'role': 'reported', 'organization': '', 'rank': 1}, {'firstname': 'Leah', 'middlename': None, 'lastname': 'Askarinam', 'qualifier': None, 'title': None, 'role': 'reported', 'organization': '', 'rank': 2}], 'organization': None}",nyt://article/5f0be4b6-d905-52bc-8ab5-13ff854ef27b,0.0
Europe is a huge customer of Russia’s fossil fuels. Gas from the U.S. and elsewhere is helping offset fears of a midwinter cutoff.,https://www.nytimes.com/2022/01/25/business/energy-environment/russia-europe-natural-gas-ukraine.html,"While Russia masses troops and military equipment near its border with Ukraine, parallel tensions have been building in world energy markets.",The New York Times,"{'main': 'What Happens if Russia Cuts Off Europe’s Natural Gas?', 'kicker': None, 'content_kicker': None, 'print_headline': 'Standoff Hits Europe Already Struggling With an Energy Crisis', 'name': None, 'seo': None, 'sub': None}","[{'name': 'subject', 'value': 'Natural Gas', 'rank': 1, 'major': 'N'}, {'name': 'subject', 'value': 'Economic Conditions and Trends', 'rank': 2, 'major': 'N'}, {'name': 'subject', 'value': 'Politics and Government', 'rank': 3, 'major': 'N'}, {'name': 'subject', 'value': 'Oil (Petroleum) and Gasoline', 'rank': 4, 'major': 'N'}, {'name': 'subject', 'value': 'Energy and Power', 'rank': 5, 'major': 'N'}, {'name': 'organizations', 'value': 'European Union', 'rank': 6, 'major': 'N'}, {'name': 'organizations', 'value': 'Gazprom', 'rank': 7, 'major': 'N'}, {'name': 'persons', 'value': 'Putin, Vladimir V', 'rank': 8, 'major': 'N'}, {'name': 'glocations', 'value': 'Europe', 'rank': 9, 'major': 'N'}, {'name': 'glocations', 'value': 'Germany', 'rank': 10, 'major': 'N'}, {'name': 'glocations', 'value': 'Qatar', 'rank': 11, 'major': 'N'}, {'name': 'glocations', 'value': 'Russia', 'rank': 12, 'major': 'N'}, {'name': 'glocations', 'value': 'Ukraine', 'rank': 13, 'major': 'N'}]",2022-01-25T22:17:17+0000,"{'original': 'By Stanley Reed', 'person': [{'firstname': 'Stanley', 'middlename': None, 'lastname': 'Reed', 'qualifier': None, 'title': None, 'role': 'reported', 'organization': '', 'rank': 1}], 'organization': None}",nyt://article/59079115-6c83-5ad4-a0f5-4b98a43e6c7c,0.4000000000000001
"A nonprofit has filed a lawsuit in New York, hoping to clear the way for volunteers to help people defend themselves against debt collection suits.",https://www.nytimes.com/2022/01/25/nyregion/consumer-debt-legal-advice.html,"The Rev. John Udo-Okon, a Pentecostal minister in the Bronx, has a lot of congregants who are sued by debt collectors and don’t know what to do.",The New York Times,"{'main': 'They Need Legal Advice on Debts. Should It Have to Come From Lawyers?', 'kicker': None, 'content_kicker': None, 'print_headline': 'Do Debtors Really Need A Lawyer When Sued?', 'name': None, 'seo': None, 'sub': None}","[{'name': 'subject', 'value': 'Suits and Litigation (Civil)', 'rank': 1, 'major': 'N'}, {'name': 'subject', 'value': 'Personal Finances', 'rank': 2, 'major': 'N'}, {'name': 'subject', 'value': 'Debt Collection', 'rank': 3, 'major': 'N'}, {'name': 'subject', 'value': 'Credit and Debt', 'rank': 4, 'major': 'N'}, {'name': 'subject', 'value': 'Legal Profession', 'rank': 5, 'major': 'N'}, {'name': 'subject', 'value': 'Consumer Protection', 'rank': 6, 'major': 'N'}, {'name': 'subject', 'value': 'Legal Aid for the Poor (Civil)', 'rank': 7, 'major': 'N'}, {'name': 'subject', 'value': 'First Amendment (US Constitution)', 'rank': 8, 'major': 'N'}, {'name': 'persons', 'value': 'James, Letitia', 'rank': 9, 'major': 'N'}, {'name': 'glocations', 'value': 'New York State', 'rank': 10, 'major': 'N'}, {'name': 'organizations', 'value': 'Upsolve Inc', 'rank': 11, 'major': 'N'}]",2022-01-25T18:49:54+0000,"{'original': 'By Andy Newman', 'person': [{'firstname': 'Andy', 'middlename': None, 'lastname': 'Newman', 'qualifier': None, 'title': None, 'role': 'reported', 'organization': '', 'rank': 1}], 'organization': None}",nyt://article/6f0afa49-caed-5790-bbae-5dba5c605d0a,0.1181818181818182
"The unvaccinated are less worried than the boosted, according to a poll.",https://www.nytimes.com/2022/01/25/briefing/covid-behavior-vaccinated-unvaccinated.html,Covid’s starkly different impact on the young and old has been one of the virus’s defining characteristics. It tends to be mild for children and younger adults but is often severe for the elderly. More than three-quarters of all U.S. Covid deaths have occurred among people 65 and older.,The New York Times,"{'main': 'Two Covid Americas', 'kicker': 'The Morning Newsletter', 'content_kicker': None, 'print_headline': None, 'name': None, 'seo': None, 'sub': None}","[{'name': 'subject', 'value': 'Coronavirus Omicron Variant', 'rank': 1, 'major': 'N'}, {'name': 'subject', 'value': 'Coronavirus (2019-nCoV)', 'rank': 2, 'major': 'N'}, {'name': 'subject', 'value': 'Children and Childhood', 'rank': 3, 'major': 'N'}, {'name': 'subject', 'value': 'Polls and Public Opinion', 'rank': 4, 'major': 'N'}, {'name': 'glocations', 'value': 'United States', 'rank': 5, 'major': 'N'}, {'name': 'subject', 'value': 'internal-storyline-no', 'rank': 6, 'major': 'N'}]",2022-01-25T11:31:30+0000,"{'original': 'By David Leonhardt', 'person': [{'firstname': 'David', 'middlename': None, 'lastname': 'Leonhardt', 'qualifier': None, 'title': None, 'role': 'reported', 'organization': '', 'rank': 1}], 'organization': None}",nyt://article/d626c6e2-0499-52b5-97c3-9ec04083c9a0,-0.16666666666666666
"A federal panel of judges ordered state lawmakers to redraw the lines, saying Black voters “have less opportunity than other Alabamians” to elect candidates of their choice.",https://www.nytimes.com/2022/01/24/us/politics/alabama-congressional-map-redistricting.html,"WASHINGTON — A panel of three federal judges threw out Alabama’s congressional map on Monday and ordered state lawmakers to draw a new one with two, rather than just one, districts that are likely to elect Black representatives.",The New York Times,"{'main': 'Court Throws Out Alabama’s New Congressional Map', 'kicker': None, 'content_kicker': None, 'print_headline': None, 'name': None, 'seo': None, 'sub': None}","[{'name': 'glocations', 'value': 'Alabama', 'rank': 1, 'major': 'N'}, {'name': 'subject', 'value': 'Redistricting and Reapportionment', 'rank': 2, 'major': 'N'}, {'name': 'subject', 'value': 'Voting Rights Act (1965)', 'rank': 3, 'major': 'N'}, {'name': 'subject', 'value': 'Midterm Elections (2022)', 'rank': 4, 'major': 'N'}]",2022-01-25T03:52:14+0000,"{'original': 'By Reid J. Epstein', 'person': [{'firstname': 'Reid', 'middlename': 'J.', 'lastname': 'Epstein', 'qualifier': None, 'title': None, 'role': 'reported', 'organization': '', 'rank': 1}], 'organization': None}",nyt://article/8cdc5ea8-3507-5f8e-a890-f7121070f01b,0.08541666666666668
"The president later called Peter Doocy and “cleared the air,” Mr. Doocy said.",https://www.nytimes.com/2022/01/24/business/media/biden-peter-doocy-fox.html,Aides to President Biden like to say he is transparent with the reporters who cover him.,The New York Times,"{'main': 'Caught on a Hot Mic: Biden Uses a Vulgarity to Insult a Fox News Reporter', 'kicker': None, 'content_kicker': None, 'print_headline': 'Biden, Caught on Hot Mic, Has Harsh Words for Fox News Reporter', 'name': None, 'seo': None, 'sub': None}","[{'name': 'subject', 'value': 'News and News Media', 'rank': 1, 'major': 'N'}, {'name': 'subject', 'value': 'Television', 'rank': 2, 'major': 'N'}, {'name': 'persons', 'value': 'Biden, Joseph R Jr', 'rank': 3, 'major': 'N'}, {'name': 'persons', 'value': 'Doocy, Peter', 'rank': 4, 'major': 'N'}, {'name': 'subject', 'value': 'United States Politics and Government', 'rank': 5, 'major': 'N'}, {'name': 'organizations', 'value': 'Fox News Channel', 'rank': 6, 'major': 'N'}]",2022-01-25T00:22:49+0000,"{'original': 'By Michael M. Grynbaum', 'person': [{'firstname': 'Michael', 'middlename': None, 'lastname': None, 'qualifier': None, 'title': None, 'role': 'reported', 'organization': '', 'rank': 1}], 'organization': None}",nyt://article/827f0d2f-f81c-5cbf-9496-3908947777bb,0.0
We seem to have lost our faith that we can make things better.,https://www.nytimes.com/2022/01/24/opinion/football-players-concussions.html,"Of all the disappearing stories in the American consciousness, none has receded from the public eye quite like football concussions. It’s hard to remember now, but less than a decade ago, President Barack Obama said that if he had a son, he would have to think “long and hard” before letting him play football. Stories were published about parents pulling their children from youth and high school football; obituaries were written for the future of the sport. In 2015, Will Smith, one of the biggest movie stars in the world, starred as Dr. Bennet Omalu, the forensic pathologist whose research first linked football with chronic traumatic encephalopathy (C.T.E.), a brain disease that leads to memory loss, erratic behavior and depression. One study found C.T.E. in 110 of 111 deceased N.F.L. players.",The New York Times,"{'main': 'We Used to Care That Football Players Got Concussions', 'kicker': 'Jay Caspian Kang', 'content_kicker': None, 'print_headline': 'False Concern Over N.F.L. Injuries', 'name': None, 'seo': None, 'sub': None}","[{'name': 'organizations', 'value': 'National Football League', 'rank': 1, 'major': 'N'}, {'name': 'subject', 'value': 'Football', 'rank': 2, 'major': 'N'}, {'name': 'subject', 'value': 'Concussions', 'rank': 3, 'major': 'N'}, {'name': 'subject', 'value': 'Chronic Traumatic Encephalopathy', 'rank': 4, 'major': 'N'}, {'name': 'organizations', 'value': 'Buffalo Bills', 'rank': 5, 'major': 'N'}, {'name': 'organizations', 'value': 'Kansas City Chiefs', 'rank': 6, 'major': 'N'}, {'name': 'creative_works', 'value': 'NFL RedZone (TV Program)', 'rank': 7, 'major': 'N'}, {'name': 'subject', 'value': 'internal-sub-only-nl', 'rank': 8, 'major': 'N'}]",2022-01-24T20:00:05+0000,"{'original': 'By Jay Caspian Kang', 'person': [{'firstname': 'Jay', 'middlename': 'Caspian', 'lastname': 'Kang', 'qualifier': None, 'title': None, 'role': 'reported', 'organization': '', 'rank': 1}], 'organization': None}",nyt://article/25d5f395-f85c-5770-bb8d-484b2f7a603a,0.5
"“Watercress,” illustrated by Jason Chin and written by Andrea Wang, won the Caldecott Medal.",https://www.nytimes.com/2022/01/24/books/newbery-last-cuentista-caldecott-watercress.html,"“The Last Cuentista,” Donna Barba Higuera’s dystopian yet hopeful middle-grade novel, received this year’s John Newbery Medal on Monday, winning one of the most prestigious prizes in children’s literature.",The New York Times,"{'main': 'Donna Barba Higuera Wins Newbery Medal for ‘The Last Cuentista’', 'kicker': None, 'content_kicker': None, 'print_headline': 'Newbery Medal Awarded To ‘The Last Cuentista’', 'name': None, 'seo': None, 'sub': None}","[{'name': 'subject', 'value': 'Books and Literature', 'rank': 1, 'major': 'N'}, {'name': 'subject', 'value': 'Caldecott Medal', 'rank': 2, 'major': 'N'}, {'name': 'subject', 'value': 'Awards, Decorations and Honors', 'rank': 3, 'major': 'N'}, {'name': 'subject', 'value': 'Newbery Medal', 'rank': 4, 'major': 'N'}, {'name': 'subject', 'value': 'genre-books-young-adult', 'rank': 5, 'major': 'N'}, {'name': 'subject', 'value': 'genre-books-childrens', 'rank': 6, 'major': 'N'}, {'name': 'organizations', 'value': 'AMERICAN LIBRARY ASSN', 'rank': 7, 'major': 'N'}, {'name': 'persons', 'value': 'Higuera, Donna Barba', 'rank': 8, 'major': 'N'}, {'name': 'persons', 'value': 'Wang, Andrea (1970- )', 'rank': 9, 'major': 'N'}, {'name': 'persons', 'value': 'Chin, Jason (Illustrator)', 'rank': 10, 'major': 'N'}, {'name': 'persons', 'value': 'Weatherford, Carole Boston', 'rank': 11, 'major': 'N'}, {'name': 'persons', 'value': 'Cooper, Floyd', 'rank': 12, 'major': 'N'}, {'name': 'creative_works', 'value': 'Last Night at the Telegraph Club (Book)', 'rank': 13, 'major': 'N'}, {'name': 'creative_works', 'value': 'Too Bright to See (Book)', 'rank': 14, 'major': 'N'}, {'name': 'creative_works', 'value': 'Unspeakable: The Tulsa Race Massacre (Book)', 'rank': 15, 'major': 'N'}, {'name': 'creative_works', 'value': 'Watercress (Book)', 'rank': 16, 'major': 'N'}, {'name': 'persons', 'value': 'Lukoff, Kyle', 'rank': 17, 'major': 'N'}, {'name': 'persons', 'value': 'Lo, Malinda', 'rank': 18, 'major': 'N'}]",2022-01-24T17:44:35+0000,"{'original': 'By Elizabeth A. Harris', 'person': [{'firstname': 'Elizabeth', 'middlename': 'A.', 'lastname': 'Harris', 'qualifier': None, 'title': None, 'role': 'reported', 'organization': '', 'rank': 1}], 'organization': None}",nyt://article/0b609523-b647-5335-9360-a4b041924fa4,0.0
"The latest wave of coronavirus cases is slowing the recovery, but its longer-term impact is less clear.",https://www.nytimes.com/2022/01/24/business/economy/omicron-economy.html,The Omicron wave of the coronavirus appears to be cresting in much of the country. But its economic disruptions have made a postpandemic normal ever more elusive.,The New York Times,"{'main': 'Omicron’s Economic Toll: Missing Workers, More Uncertainty and Higher Inflation (Maybe)', 'kicker': None, 'content_kicker': None, 'print_headline': 'Omicron Inflicts Pain On Economy.  Will It Last?', 'name': None, 'seo': None, 'sub': None}","[{'name': 'subject', 'value': 'Coronavirus Omicron Variant', 'rank': 1, 'major': 'N'}, {'name': 'subject', 'value': 'United States Economy', 'rank': 2, 'major': 'N'}, {'name': 'subject', 'value': 'Inflation (Economics)', 'rank': 3, 'major': 'N'}, {'name': 'subject', 'value': 'Supply Chain', 'rank': 4, 'major': 'N'}, {'name': 'subject', 'value': 'Shortages', 'rank': 5, 'major': 'N'}, {'name': 'subject', 'value': 'Labor and Jobs', 'rank': 6, 'major': 'N'}]",2022-01-24T15:01:18+0000,"{'original': 'By Ben Casselman and Sydney Ember', 'person': [{'firstname': 'Ben', 'middlename': None, 'lastname': 'Casselman', 'qualifier': None, 'title': None, 'role': 'reported', 'organization': '', 'rank': 1}, {'firstname': 'Sydney', 'middlename': None, 'lastname': 'Ember', 'qualifier': None, 'title': None, 'role': 'reported', 'organization': '', 'rank': 2}], 'organization': None}",nyt://article/93d015df-e55b-57d1-8bf2-67ff7a3bc7be,0.14444444444444446
The court’s new conservative supermajority may be skeptical of admissions programs that take account of race to foster educational diversity.,https://www.nytimes.com/2022/01/24/us/politics/supreme-court-affirmative-action-harvard-unc.html,Follow our live coverage of the Supreme Court hearings on affirmative action.,The New York Times,"{'main': 'Supreme Court Will Hear Challenge to Affirmative Action at Harvard and U.N.C.', 'kicker': None, 'content_kicker': None, 'print_headline': 'Justices Take Race-Conscious Admission Cases', 'name': None, 'seo': None, 'sub': None}","[{'name': 'subject', 'value': 'Colleges and Universities', 'rank': 1, 'major': 'N'}, {'name': 'subject', 'value': 'Admissions Standards', 'rank': 2, 'major': 'N'}, {'name': 'subject', 'value': 'Affirmative Action', 'rank': 3, 'major': 'N'}, {'name': 'subject', 'value': 'Race and Ethnicity', 'rank': 4, 'major': 'N'}, {'name': 'subject', 'value': 'Minorities', 'rank': 5, 'major': 'N'}, {'name': 'subject', 'value': 'Discrimination', 'rank': 6, 'major': 'N'}, {'name': 'organizations', 'value': 'Harvard University', 'rank': 7, 'major': 'N'}, {'name': 'organizations', 'value': 'University of North Carolina', 'rank': 8, 'major': 'N'}, {'name': 'organizations', 'value': 'Students for Fair Admissions', 'rank': 9, 'major': 'N'}, {'name': 'persons', 'value': 'Blum, Edward J', 'rank': 10, 'major': 'N'}, {'name': 'subject', 'value': 'Suits and Litigation (Civil)', 'rank': 11, 'major': 'N'}, {'name': 'organizations', 'value': 'Supreme Court (US)', 'rank': 12, 'major': 'N'}, {'name': 'subject', 'value': 'United States Politics and Government', 'rank': 13, 'major': 'N'}]",2022-01-24T14:41:25+0000,"{'original': 'By Adam Liptak and Anemona Hartocollis', 'person': [{'firstname': 'Adam', 'middlename': None, 'lastname': 'Liptak', 'qualifier': None, 'title': None, 'role': 'reported', 'organization': '', 'rank': 1}, {'firstname': 'Anemona', 'middlename': None, 'lastname': 'Hartocollis', 'qualifier': None, 'title': None, 'role': 'reported', 'organization': '', 'rank': 2}], 'organization': None}",nyt://article/f2d06bc2-9184-549e-8338-5eea63a1ecf3,-0.03787878787878788
Democrats in Virginia denounced the action as a partisan move aimed at helping former President Donald J. Trump undercut the investigation of the Capitol riot.,https://www.nytimes.com/2022/01/23/us/politics/jan-6-investigator-fired-university-of-virginia.html,"The top staff investigator on the House committee scrutinizing the Jan. 6 attack on the Capitol has been fired by the state’s new Republican attorney general from his position as the top lawyer for the University of Virginia, from which he was on leave while working on the congressional inquiry.",The New York Times,"{'main': 'Top Jan. 6 Investigator Fired From Post at the University of Virginia', 'kicker': None, 'content_kicker': None, 'print_headline': 'Top Investigator for Jan. 6 Panel Is Fired From Post at University of Virginia', 'name': None, 'seo': None, 'sub': None}","[{'name': 'subject', 'value': 'United States Politics and Government', 'rank': 1, 'major': 'N'}, {'name': 'subject', 'value': 'Storming of the US Capitol (Jan, 2021)', 'rank': 2, 'major': 'N'}, {'name': 'organizations', 'value': 'University of Virginia', 'rank': 3, 'major': 'N'}, {'name': 'glocations', 'value': 'Charlottesville (Va)', 'rank': 4, 'major': 'N'}, {'name': 'subject', 'value': 'Colleges and Universities', 'rank': 5, 'major': 'N'}]",2022-01-24T03:18:01+0000,"{'original': 'By Michael S. Schmidt', 'person': [{'firstname': 'Michael', 'middlename': 'S.', 'lastname': 'Schmidt', 'qualifier': None, 'title': None, 'role': 'reported', 'organization': '', 'rank': 1}], 'organization': None}",nyt://article/6275d842-5c90-560c-9e2a-a42d760dc46a,0.05
"The president is also considering deploying warships and aircraft to NATO allies, in what would be a major shift from its restrained stance on Ukraine.",https://www.nytimes.com/2022/01/23/us/politics/biden-troops-nato-ukraine.html,"WASHINGTON — President Biden is considering deploying several thousand U.S. troops, as well as warships and aircraft, to NATO allies in the Baltics and Eastern Europe, an expansion of American military involvement amid mounting fears of a Russian incursion into Ukraine, according to administration officials.",The New York Times,"{'main': 'Biden Weighs Deploying Thousands of Troops to Eastern Europe and Baltics', 'kicker': None, 'content_kicker': None, 'print_headline': 'U.S. Weighs Troop Deployment Of Thousands to Eastern Europe', 'name': None, 'seo': None, 'sub': None}","[{'name': 'subject', 'value': 'United States Defense and Military Forces', 'rank': 1, 'major': 'N'}, {'name': 'subject', 'value': 'United States International Relations', 'rank': 2, 'major': 'N'}, {'name': 'subject', 'value': 'United States Politics and Government', 'rank': 3, 'major': 'N'}, {'name': 'organizations', 'value': 'Defense Department', 'rank': 4, 'major': 'N'}, {'name': 'organizations', 'value': 'North Atlantic Treaty Organization', 'rank': 5, 'major': 'N'}, {'name': 'persons', 'value': 'Biden, Joseph R Jr', 'rank': 6, 'major': 'N'}, {'name': 'persons', 'value': 'Putin, Vladimir V', 'rank': 7, 'major': 'N'}, {'name': 'glocations', 'value': 'Ukraine', 'rank': 8, 'major': 'N'}, {'name': 'glocations', 'value': 'Russia', 'rank': 9, 'major': 'N'}, {'name': 'subject', 'value': 'Defense and Military Forces', 'rank': 10, 'major': 'N'}, {'name': 'subject', 'value': 'War and Armed Conflicts', 'rank': 11, 'major': 'N'}]",2022-01-23T23:23:28+0000,"{'original': 'By Helene Cooper and Eric Schmitt', 'person': [{'firstname': 'Helene', 'middlename': None, 'lastname': 'Cooper', 'qualifier': None, 'title': None, 'role': 'reported', 'organization': '', 'rank': 1}, {'firstname': 'Eric', 'middlename': None, 'lastname': 'Schmitt', 'qualifier': None, 'title': None, 'role': 'reported', 'organization': '', 'rank': 2}], 'organization': None}",nyt://article/82d027fe-fce5-5693-84fc-5cb99fca71a0,0.0625
